{
  "model": "SASRec",
  "eval_users": 59,
  "precision@5": 0.03389830508474576,
  "precision@10": 0.03050847457627119,
  "precision@20": 0.03389830508474576,
  "recall@5": 0.02095630358342223,
  "recall@10": 0.044846537643147805,
  "recall@20": 0.09116871828736237,
  "ndcg@5": 0.037572194897853815,
  "ndcg@10": 0.04103692809725378,
  "ndcg@20": 0.061518744099084824,
  "hr@5": 0.13559322033898305,
  "hr@10": 0.2711864406779661,
  "hr@20": 0.5084745762711864,
  "coverage": 0.5628415300546448
}